"run_id","precision","recall","attempted","classifier","bootstrap","colocation","cooccurrence","base_word","dependency_parsing","f"
"tmp1",0.693,0.356,51.39,"pn",0,0,0,0,0,0.470367969494757
"tmp17",0.693,0.356,51.39,"pn",1,0,0,0,0,0.470367969494757
"tmp2",0.695,0.401,57.73,"pn",0,0,0,1,0,0.508567518248175
"tmp3",0.667,0.391,58.6,"pn",0,0,1,0,0,0.493
"tmp5",0.685,0.43,62.78,"pn",0,1,0,0,0,0.528340807174888
"tmp65",0.552,0.552,100,"t",0,0,0,0,0,0.552
"tmp66",0.572,0.572,100,"t",0,0,0,1,0,0.572
"tmp67",0.556,0.555,99.87,"t",0,0,1,0,0,0.555499549954996
"tmp69",0.564,0.557,98.83,"t",0,1,0,0,0,0.560478144513827
